Date,Usage [kW]_x,Generation [kW]_x,Kitchen Outlet/Espresso (32) [kW],Hot Water Heater (22) [kW],Dining Room (15) [kW],Fridge+Ent Lights(west) (20) [kW],Clothes Washing Machine (10) [kW],Dishwasher (17) [kW],2nd Fl West Bedroom (21) [kW],Master+NE Bedroom + N Bath (27) [kW],Elec Heat (Bed NE+M) (16+18) [kW],Furnace (29) [kW],Laund+LivingR+Hall Lights (24) [kW],Usage [kW]_y,Generation [kW]_y,Grid [kW],Kitchen (39) [kW],1st Floor Bedroom (37) [kW],Oven (7+5) [kW],Dryer (36+34) [kW],Basement/Dehumidifier (31) [kW],Basement+Family Room (19) [kW],Elec Heat (Bed W+Bath N)(12+14) [kW]
2016-06-09,0.0,0.0,0.850383303999997,6.5678999879999935,0.008033400999999964,23.687366654999963,0.4001333560000013,0.44978333599999987,6.201950004999996,27.02558333699999,0.011583377999999958,0.6567666630000001,2.009750053999995,156.59243334200008,0.0,156.59243334200008,5.219850052999985,10.222916685000017,2.0550000219999998,0.6360500060000012,56.24743334,2.8894666999999865,0.027150025000000133
2016-06-10,0.0,0.0,30.049216659999615,8.684683313999976,0.09258345899999959,76.89489996599995,21.22016669199991,66.56695004399977,20.505383327000015,55.31843330799997,0.05260010000000022,1.4739000019999886,4.8026667989999865,698.524316650001,0.0,698.524316650001,6.549000121999913,27.010533309000035,5.098733313000004,174.1317500249995,136.00906667399985,7.14533318499994,0.09786667900000022
2016-06-11,0.0,0.0,52.383433258999574,16.15679997900003,12.01328338099998,82.52313334500006,34.006383339000195,56.67431672400021,25.87510002900003,31.204466657999976,0.06656672600000037,1.409833357000002,47.66553346299919,1380.1315833269991,0.0,1380.1315833269991,51.31630005200002,30.999783322999974,110.45763327100069,391.8791832989995,294.94235001499976,88.61113335899991,0.08210002299999954
2016-06-12,0.0,0.0,43.368899935999764,13.914849994000003,0.13898338399999852,81.58716662300024,11.44716665799995,127.55239997800004,25.798483326000046,30.42108332100007,0.06323333500000008,1.3369333299999975,147.2287501260004,1387.105199996999,0.0,1387.105199996999,48.41754994299982,41.78129997399993,164.66443332199876,40.9314333720002,500.2769500119997,56.09251675399986,0.08866672499999981
2016-06-13,0.0,0.0,35.80279992900052,11.801683312999987,0.496483482000001,90.77483332700011,9.735516685000114,1.159099977000015,18.147383336000033,37.51683333500012,0.04361672700000029,1.5281500259999956,16.063766784999945,617.9626999859994,0.0,617.9626999859994,15.679916808000138,28.50928332000004,5.056899996999977,150.96390000100016,127.74861667500002,7.316183296999927,0.07605004699999966
2016-06-14,0.0,0.0,26.34163330999964,12.39539997799999,0.10885013099999913,71.12441666199994,9.326700037999993,113.14014998799952,23.184983349999982,39.83751665899996,0.038183426000000374,1.4348666760000015,12.490300105000022,671.874750004,0.0,671.874750004,7.974916786999937,26.232899962000058,149.0626166310014,1.4779499959999935,127.40091665899979,12.689299915999932,0.10435005199999983
2016-06-15,0.0,0.0,36.63076669100052,10.193916662999978,0.27785012100001094,88.20134995899984,0.9535666690000006,1.0580166630000127,25.35781666500003,54.936716670000344,0.04341673300000045,1.5295500039999939,18.79376677600006,761.4903166809994,0.0,761.4903166809994,9.562166786,25.117849912999965,56.510933325000046,243.6426833389989,127.7230499910001,8.289466609999886,0.07963334600000016
2016-06-16,0.0,0.0,52.232549954000206,10.677049967999967,0.09540013099999893,93.25335000100006,11.550400009999988,64.97703336099856,35.667899978000136,59.88189999400013,0.06303332900000067,1.4714000009999946,11.809250138000008,1002.5917000010007,0.0,1002.5917000010007,5.085650081999917,25.488949988000076,5.0832500269999885,246.42723332299926,342.5116500080006,7.045633285999995,0.10218340500000024
2016-06-17,0.0,0.0,55.757366681000136,11.464899982999999,4.863483519999981,75.09653330800006,25.69076666500002,57.21873334899995,51.950766686000094,77.99355000099992,0.05573334600000039,1.5288000240000041,6.426633457999987,1010.5486166829998,0.0,1010.5486166829998,4.446050082999968,25.27596666600001,5.122049951000009,322.5765666429988,252.82771667600025,6.9191500269999775,0.11709996400000064
2016-06-18,0.0,0.0,40.486316569999076,8.401400013000039,0.06418349099999948,78.19836667800087,0.9756832919999973,58.98920001599923,22.086983331000177,32.69228321499887,0.044400055000000105,1.3830000539999932,0.016783485000000035,657.7872000100008,0.0,657.7872000100008,4.466850096999888,25.29358331699993,5.040233365999945,49.395183313000956,284.4061166660004,7.6450667830000105,0.09873331200000136
2016-06-19,0.0,0.0,2.0067999590000087,4.282533344999975,0.02491668000000004,61.12481664300013,0.9941999810000033,0.9177999070000035,5.621700020999975,0.39666664199999646,0.03400013100000026,1.343516656999997,0.010350159999999935,436.4596499989997,0.0,436.4596499989997,0.18801679000000027,25.24541672300026,5.002800020999964,1.2435500550000047,278.4527833510001,6.781633284999922,0.06710007000000022
2016-06-20,0.0,0.0,2.0848333080000043,6.397099977999959,0.035099926000000496,70.33083338100019,0.9564166350000017,0.9792833169999996,5.727500013999995,0.39636669299999777,0.045600076000000524,1.4138499899999928,0.01565019099999987,606.3541166619995,0.0,606.3541166619995,0.38245016199999876,25.46665001700019,5.003050046999978,1.0388333139999941,440.59041665800055,6.821883277999923,0.07045004000000013
2016-06-21,0.0,0.0,2.081316629000002,4.418116684999998,0.02901666500000043,66.10631670100011,0.9787332470000043,0.9935499860000014,5.758349972000027,0.39516666699999614,0.04010008900000033,1.4270666789999995,0.0122001759999999,523.8188000170006,0.0,523.8188000170006,0.28348347600000323,25.38516664500003,5.011466719999978,1.1567833309999942,360.57336666500026,6.820749925999971,0.07909995500000068
2016-06-22,0.0,0.0,2.062183351000009,6.44521665900001,0.0141168069999999,68.33648333300007,1.022249935999997,1.029816639000012,5.854766662000024,0.39716662899999655,0.029200131000000403,1.4790833170000037,0.007216784999999966,301.2924166710002,0.0,301.2924166710002,0.01176686899999992,25.08813329099998,5.0292833759999525,1.4921166969999817,128.57170000000016,6.802849928999886,0.08176671500000054
2016-06-23,0.0,0.0,2.0463000280000054,6.360116672000022,0.014500132999999893,59.18789996399995,1.0172333739999901,1.0099666250000103,5.8064999800000345,0.3957333579999969,0.02553349400000036,1.4538666819999904,0.006216787999999979,290.8213999820003,0.0,290.8213999820003,0.009600186999999922,25.07390001400003,5.02710002799995,1.4758499479999871,127.90546667500006,6.793933162999909,0.07733339900000057
2016-06-24,0.0,0.0,2.0495500019999993,4.429833347000017,0.014250121999999902,59.659249937999846,1.015083401999989,1.005750000000008,5.8005166650000355,0.3973499609999968,0.024983488000000317,1.4617999569999978,0.006050118999999981,292.826049999,0.0,292.826049999,0.01318352699999992,25.071700035000124,5.028966745999952,1.4787332989999895,130.69318333200005,6.797566463999902,0.07430008500000036
2016-06-25,0.0,0.0,8.830416609000027,9.041649991999986,0.030833342000000517,82.41228336800015,15.049733328999976,0.976016670999998,16.567966667999983,29.476149935,0.04716674700000054,1.3958666549999963,5.323183467999991,633.9505166529996,0.0,633.9505166529996,5.672016780999988,25.432566684999944,5.022350015999985,1.143599974000003,382.1703166709999,6.83611670499998,0.07128340399999997
2016-06-26,0.0,0.0,40.50476663300046,10.365249997000028,0.1416167539999986,94.17868331500016,10.812433330999987,60.07981669300059,43.47226664799994,66.57468334499978,0.06894998900000045,1.3889167179999975,0.6227334160000036,1200.9510000110006,0.0,1200.9510000110006,4.156500005000009,25.52135003600011,5.093566638,279.95071665300054,472.04111666099914,19.051366694999945,0.08413338299999953
2016-06-27,0.0,0.0,47.325433272000254,7.748616667000018,0.10125015299999979,110.28984998499995,10.241633345000002,59.296383359000046,55.145616649000026,68.19196667300015,0.059799985000000624,1.5161166999999967,15.564666823000078,991.4163666589996,0.0,991.4163666589996,10.757300040999944,25.77454997899999,128.08898333299987,1.294666669999997,361.6187999959997,43.34233334399992,0.11113333500000079
2016-06-28,0.0,0.0,40.460650000000165,12.466616669000029,1.1204001299999864,97.32103336600015,7.704450003999978,57.206383348999765,52.404733336999975,49.298383317000265,0.06476668800000018,1.4707333109999985,22.961333456000297,1049.9166333390008,0.0,1049.9166333390008,11.313416716000017,27.62833330600011,5.158916652000002,154.01474998699948,415.18100000800024,17.390733329000057,0.10491669600000017
2016-06-29,0.0,0.0,57.765950035999715,9.674816660999998,1.1608001489999968,113.22121664299978,14.24753333399998,54.81363332800015,55.07876665299996,51.71721666800011,0.06558337799999986,1.4934500159999986,0.5401500940000014,1055.4201833339978,0.0,1055.4201833339978,5.904333400999968,25.474099957999925,5.171249984,192.5925333450013,387.39425001899986,24.92373337400006,0.12531665100000078
2016-06-30,0.0,0.0,62.38223330299972,9.870249998000013,0.1688668069999998,91.78411663799999,10.312399975999998,1.018466678000009,41.03466664800002,60.43626667200022,0.043000021000000443,1.5373166519999895,2.211850158000013,690.3958666660003,0.0,690.3958666660003,9.282216700999964,25.49316667600003,5.123416642000009,1.2685666359999985,328.09599999300036,7.150266651999974,0.10308334500000105
2016-07-01,0.0,0.0,23.69180000099997,10.946666679999955,0.09838346399999842,101.18323334200014,9.247833290999987,53.444900004999795,50.99376667299996,76.60159997999946,0.05163336600000033,1.532116664,34.651783430999856,1079.9486833399976,0.0,1079.9486833399976,12.81210009399999,25.269533340000077,63.58571670800023,301.90356662900035,244.38506666899974,7.1177332239999505,0.11413332299999997
2016-07-02,0.0,0.0,70.41223334500172,10.382449990999993,0.08290016599999893,103.43950005200041,13.967699984000024,53.18160003700003,39.906650015999716,65.60496667100007,0.05755000000000077,1.4482833349999888,30.665466803000083,999.468549999999,0.0,999.468549999999,28.784983395000268,25.293283319000043,58.24804998399999,174.70213332599968,280.3292666679999,7.302933319000027,0.09568336300000005
2016-07-03,0.0,0.0,49.885133335999726,15.47704999599996,0.26645018900000195,123.44733333300042,12.918383346999967,119.03873330499944,44.7288499990001,45.13231665299995,0.05464998400000069,1.4057333899999942,17.21888345500002,702.9263166790004,0.0,702.9263166790004,14.590183435999974,24.991550016999927,26.502183356000373,1.6234499799999953,125.51198331999998,21.788133280000167,0.13646662299999882
2016-07-04,0.0,0.0,35.63929996800018,12.297833314999998,0.08763351199999958,111.23253335899985,16.146483299,65.3109999409994,43.768633351000126,78.81664999899995,0.05261666100000063,1.5779000480000027,15.963000134000001,1027.1636999950006,0.0,1027.1636999950006,6.797000063999976,27.04548336400009,245.7477666449996,134.7210999570004,177.77315001600005,14.138366611999984,0.12983331400000073
2016-07-05,0.0,0.0,28.371016601000118,10.708483339999976,2.5068334910000183,96.71339998400002,0.871949982000005,59.18231664699971,52.37018334200007,85.675566671,0.0615833120000004,1.499966679,0.9437168530000097,1055.9819666659996,0.0,1055.9819666659996,15.703366685999978,25.490366672000068,5.106933374000004,179.82273329799955,439.4311666720001,7.004583272999956,0.11330001799999999
2016-07-06,0.0,0.0,65.32991663800054,8.249050017999998,0.07853341399999939,109.79416672000028,23.88738333899993,58.52583335099991,40.42766665299999,75.44368334099991,0.06881669900000002,1.4031833269999971,27.702400156000007,1126.060233335,0.0,1126.060233335,6.720599979999991,25.60811664500018,5.08461664500003,104.22616664099985,527.739583325,7.924383271999969,0.10843336199999966
2016-07-07,0.0,0.0,33.3916333379998,13.771116662,0.09228341899999926,131.6031499839999,9.360083339999987,51.605750001000075,50.58536667900003,110.49105001799994,0.06869999899999982,1.503150000999995,23.812933457000167,1149.957300002998,0.0,1149.957300002998,16.342400040000044,26.30146667399995,5.1018166650000145,115.47173332300012,470.52318332099975,47.577783326000116,0.11658336100000036
2016-07-08,0.0,0.0,38.33174999699965,10.320600007999985,0.08823341499999815,118.62623334399996,16.526250007999998,52.2980500099997,41.66164998700003,90.12846667799997,0.06968334699999988,1.5484500000000008,65.39571671799997,1335.9051500069997,0.0,1335.9051500069997,26.405133333000016,36.05405001199995,5.1008833370000115,305.4214166239989,467.5803166670001,32.20700000299996,0.10203336299999996
2016-07-09,0.0,0.0,48.087233309999725,11.731566673999954,30.174083395000405,104.11636665299962,19.197133314999977,112.88905004300007,45.81209999499986,104.56534998499991,0.06263339400000029,1.429583300999996,174.5346334390007,1951.258933344999,0.0,1951.258933344999,43.767366730000056,26.006883359000046,256.8430833269983,278.9912499880005,584.6966833200006,58.621166681000155,0.09913335400000027
2016-07-10,0.0,0.0,55.62883327199974,11.597350023000018,0.08245003799999913,103.99988332000005,10.631716675999966,64.91090000599975,50.033983325999976,62.40754999800012,0.05096671300000056,1.4353000259999937,145.24041678900096,1235.8785166679984,0.0,1235.8785166679984,32.89351668699978,25.469766647999965,22.3864833450001,122.90968329899971,411.2941833159996,35.89365000200001,0.10220003499999963
2016-07-11,0.0,0.0,44.498283363000375,10.21948337699999,0.10165005699999968,98.64708333899975,9.436949996999996,56.18171666699999,52.82243333599997,76.5787499950001,0.04995003900000068,1.5231333719999942,12.167850169999959,1000.8972666790011,0.0,1000.8972666790011,6.784416648999941,26.869550007999987,130.89291663400058,1.2100333430000005,415.29688334000036,22.364383341000007,0.1049166930000003
2016-07-12,0.0,0.0,47.40921665399999,11.641649975999938,0.1750167829999989,83.46626664399994,19.076849991999918,60.35548331299994,43.88736665100014,77.13251668400011,0.054900035000000263,1.5294833439999946,0.07993346699999967,1074.5319666619985,0.0,1074.5319666619985,17.090683325000125,25.438950028000093,5.160983373999999,239.16766664200023,377.91135000000037,25.029416670999993,0.1205499920000004
2016-07-13,0.0,0.0,56.90476664599987,13.254199998999956,0.1298833769999993,128.71056665899994,23.36996666699999,92.49179997799989,46.37238332199993,91.29176667900005,0.06823337500000044,1.523766663999992,19.251266765999997,1442.3227999920011,0.0,1442.3227999920011,19.039800029999984,43.87270004600009,5.1911333349999795,349.0531166509988,488.2511166560001,20.5525000029999,0.1283000280000002
2016-07-14,0.0,0.0,61.697950033999405,9.592033330999962,1.2727166839999935,106.76391669999977,16.101799978000056,62.36458333200007,29.486666655000004,81.99936666500007,0.05956673400000039,1.5084500009999917,18.287833395000167,1234.5480333489993,0.0,1234.5480333489993,24.57984998800005,55.86911666999986,5.136899998999978,154.97396667199993,523.2597000040001,39.84138332400009,0.12400000800000087
2016-07-15,0.0,0.0,44.489399980000115,10.645316653999998,0.24978352499999976,102.08870000399953,27.786883345999865,1.106699978000004,42.34871667499992,91.83808332499987,0.04651672400000032,1.5882832980000021,25.975466794000024,809.8674833179988,0.0,809.8674833179988,7.752566773999924,27.644150022000016,5.194799971999958,312.9306999699978,60.77920000399969,8.076550008999934,0.16830003499999827
2016-07-16,0.0,0.0,39.99953342800117,8.029116686000044,0.08106660599999875,101.76121672800087,0.884966645000012,52.871849930000785,27.278416656999955,46.290216473999116,0.057800145999999795,1.3818833910000043,0.05035013999999997,1041.307049997,0.0,1041.307049997,5.226033497000008,25.572333367000105,5.122533329000018,156.4261166780028,509.643883349,14.022533374999982,0.12091665900000131
2016-07-17,0.0,0.0,2.0996501430000154,4.272033348999978,0.05014974300000137,75.0342334180007,0.8882332540000116,0.8954166030000019,9.831316660000057,0.4044496939999961,0.05238357499999999,1.3193500410000016,0.027166836000000402,926.9171166620007,0.0,926.9171166620007,0.7162000759999979,25.890066677000036,5.050350018000013,0.5969167069999934,756.2736666570014,7.288750048999947,0.10034995200000156
2016-07-18,0.0,0.0,2.147666629,4.406133323000007,0.04911643500000127,69.46514998899973,0.89108324200001,0.9647666189999975,9.977050019999968,0.4045830479999971,0.04978355300000005,1.4126833369999903,0.027166854000000448,934.6872666660008,0.0,934.6872666660008,0.7282500889999989,25.91335000300019,5.0576499410000135,0.5874000069999964,770.5291333449991,7.313483385000031,0.10766661700000196
2016-07-19,0.0,0.0,2.1484333119999994,6.476216688000012,0.046733141000001005,76.50310004400005,0.8881332430000116,0.9838332740000019,10.006083330999989,0.40211646599999706,0.05131691699999997,1.417716656999996,0.028000172000000424,940.1104666449999,0.0,940.1104666449999,0.7287334079999984,25.913900072000125,5.050483362999989,0.5988500209999937,767.1200833400004,7.328733412000035,0.09791665700000135
2016-07-20,0.0,0.0,2.1515333399999954,8.749999989000004,0.04849983000000089,74.11198332499983,0.8606999420000088,1.1565499499999994,22.392349997999975,34.41528318300002,0.0514501440000003,1.481183365,0.030650228000000387,997.8825166560016,0.0,997.8825166560016,7.250416823000001,25.91106662500021,5.0605833499999955,0.6546166409999941,754.9432166570014,15.475166701000044,0.08400004200000022
2016-07-21,0.0,0.0,32.13834998100028,7.726016651999968,0.07320008699999875,93.82158337300007,15.807033321999985,55.94216666999965,50.34235000800002,62.39121667199986,0.05600012200000038,1.479816647999996,11.271266855000018,1209.4656000029993,0.0,1209.4656000029993,12.886583367999984,30.819383345000144,39.27620004499981,0.760449995,748.2591666860002,15.002283331000019,0.09368334700000017
2016-07-22,0.0,0.0,43.8716999719992,10.850950001999994,0.09078343699999945,106.38218332100007,0.8002000600000051,58.481533369000054,57.02938332199998,87.965116684,0.06950012400000022,1.5224166730000042,14.695916719999941,1426.6500333359982,0.0,1426.6500333359982,15.500099973000008,32.94269999799998,5.070516611000009,176.53628335300004,763.7570333360001,19.78883332600016,0.10638335700000094
2016-07-23,0.0,0.0,30.331983334999613,10.117249996999963,0.07380007099999993,111.20406665600065,13.621216648999933,50.97151669100003,47.83656666999995,91.72091664999984,0.06046678000000036,1.4182000179999983,67.92188347600008,1417.1823333349985,0.0,1417.1823333349985,10.439216770999975,25.99078333800004,23.07721667700001,115.40780005300027,761.096716663,16.261516647999883,0.10019999100000068
2016-07-24,0.0,0.0,45.724583439000654,7.473200025000033,0.048533374000000726,116.29006662500024,9.717933292999916,1.0937500050000077,41.73878333499992,69.681399975,0.07026680300000004,1.4248666639999998,10.043316738000007,1286.1053166789977,0.0,1286.1053166789977,9.014700060999937,27.296550015000296,5.0320833660000295,141.1200833379987,756.0409166659994,14.130249976999945,0.0942833150000009
2016-07-25,0.0,0.0,44.296966663000475,9.941683323999975,0.07266684799999956,118.16181660199976,7.5743166879999775,56.01666667399965,64.1465166730001,90.56703331699993,0.05863336600000084,1.5128499679999978,5.8347001519999315,994.2619166500009,0.0,994.2619166500009,12.765433316000001,25.70519999399988,5.115116635999997,90.3141666660002,423.45136667500026,8.806233380999954,0.1280833130000016
2016-07-26,0.0,0.0,22.93104994900028,10.866666675999948,4.380200069999965,107.08060004200021,7.934099996999986,57.790366659999826,45.089516664000065,99.47028333900039,0.05951671600000013,1.6814166640000021,0.14728340499999978,1063.4628333330008,0.0,1063.4628333330008,5.670800035000001,25.66311663200002,5.091116633000028,147.61974999299963,480.9241666620007,14.458866670999955,0.13936661500000044
2016-07-27,0.0,0.0,24.934416692000305,8.840483352999984,0.06965008300000022,123.32958330399988,8.36768333399997,53.687750041000186,47.845083325000104,92.86609999700013,0.07675000999999976,1.510833375999998,55.96678329900003,1271.1695499899993,0.0,1271.1695499899993,11.041000038999979,26.251616658000003,5.053433290000015,0.8087499860000001,781.1865666490012,8.868683332,0.11039999100000118
2016-07-28,0.0,0.0,35.5454666329997,11.245716666999982,0.07553344899999931,137.15781668300025,14.972883351999943,52.71678336199976,54.15403333499998,103.61833332700003,0.07486678000000052,1.4831833199999989,42.050216732997775,1445.4692333390014,0.0,1445.4692333390014,9.803583310999933,32.87750001400015,41.101466643000116,96.73943333100131,778.2410500069999,7.7709833469999765,0.1051499790000007
2016-07-29,0.0,0.0,42.736883350999584,7.577366678999998,0.04366672200000039,110.90243334699998,0.7790000170000021,1.1706000439999946,43.670533323000065,90.80098331900035,0.06328344700000035,1.5118666820000037,43.44945010399977,1384.9783166770012,0.0,1384.9783166770012,20.02684998700002,26.068233295000045,64.94583332500045,100.27558333800071,786.5103833299995,7.933983326999967,0.07735001700000002
2016-07-30,0.0,0.0,52.74690011300012,11.573883365999935,0.0821333869999981,101.45911668200046,19.000066655000044,65.8493333499988,42.97893331000003,91.30853331999992,0.05545012700000034,1.3967000350000123,80.24286684799995,1411.0768833229993,0.0,1411.0768833229993,15.270033374999949,26.041283306000107,5.040183350000003,91.87715002599975,763.7643500050003,7.859400008000002,0.09335002799999911
2016-07-31,0.0,0.0,40.60116664400055,9.378750004000016,2.195099980000092,97.01693332999994,17.92076664199991,58.46249998000039,34.94370000999999,65.21548332100006,0.06108342600000023,1.3816333489999897,105.55866675799999,1486.9558666699998,0.0,1486.9558666699998,18.302583334999813,46.88561663699971,5.0640166639999915,149.42226668200095,768.1735666680029,26.358349986000004,0.08785002699999964
2016-08-01,0.0,0.0,37.93088337599936,8.124950009999974,0.0889666229999981,86.39781665599995,0.7480333610000024,51.484016645999546,40.18311666299999,63.74548333399994,0.05488345700000025,1.490083333,97.58983342199946,1453.7850666559993,0.0,1453.7850666559993,45.44205000699985,36.786699957000046,5.0263500179999845,91.29449998299991,784.1376666849994,46.77375000399971,0.08283337500000011
2016-08-02,0.0,0.0,43.15688341699888,8.04908332599997,5.612249979999978,93.2317499980002,7.27668332999999,55.666483378999686,51.91035001300006,63.28603333900015,0.058550061000000306,1.4807500230000026,74.39340017199912,1308.6098166579975,0.0,1308.6098166579975,28.297833283999942,37.946733312000156,5.0547333100000245,0.8166332979999981,778.7083499919999,12.902633344999982,0.08855005499999967
2016-08-03,0.0,0.0,24.598149988000547,9.481966666999988,0.09199998999999805,94.16453331699978,0.8034999730000079,51.4442500519996,46.550616662000074,77.906733328,0.07435003800000017,1.5226500189999979,12.268750165000124,1429.475566656999,0.0,1429.475566656999,11.061216641999993,29.56859998900009,87.94518331800012,158.38351668099924,769.2309666799999,32.470466671,0.08311669599999978
2016-08-04,0.0,0.0,40.41563332500022,12.391366676999974,0.06996674599999958,100.19663333500003,10.720383356000022,60.24066667599977,44.53846667399995,60.016783328999914,0.05146666700000066,1.5189834159999882,15.855466839000048,903.7464166660013,0.0,903.7464166660013,11.61668330100003,27.236250034999895,30.566933386999896,1.1981833469999965,415.0019499939996,33.76429998800009,0.11290001900000124
2016-08-05,0.0,0.0,43.589816569000654,7.789050031999988,0.035333537000000345,108.86880004399991,6.278566677999993,1.0712333430000123,56.73579999999997,75.37321666700007,0.041516679000000486,1.5829333540000006,39.87331680400003,779.771783348,0.0,779.771783348,12.638850104000015,26.754783410000012,5.113033389000025,214.17165000399953,127.24343334099997,8.24253325599998,0.11258335300000098
2016-08-06,0.0,0.0,47.70816660100067,11.396549993999967,5.639566723999956,112.13625000000017,14.875449992999965,106.60805003499918,48.4003833420001,59.28301666900012,0.06251671400000032,1.3732333709999942,42.689066797999914,1427.0709333500008,0.0,1427.0709333500008,29.835383376000106,27.97398335300005,103.77356669999993,146.4004666249996,570.6799666929993,8.069500015000003,0.12081671799999966
2016-08-07,0.0,0.0,27.100666709999672,10.428866643999989,0.10425019599999964,127.53560005800014,6.235666681999986,107.1524500200001,53.344083326000174,59.76911666900027,0.045833354000000444,1.4491666939999939,18.63380013900001,641.7492166580004,0.0,641.7492166580004,17.499566742000052,26.550616684000133,5.186000009999986,55.94879998499984,20.33896669300009,58.85536667000009,0.15268334799999989
2016-08-08,0.0,0.0,53.63825002000023,12.865566673999965,0.040250224999999314,105.00610005700017,9.735633345000117,1.1300666990000086,50.421150020000084,91.46011667599987,0.04103337900000053,1.606933342999998,8.28515015200002,679.8673166520008,0.0,679.8673166520008,4.746183454999975,25.100799980000048,5.172766711000006,220.53858333999926,20.404799974000085,25.88338332799995,0.15301669300000012
2016-08-09,0.0,0.0,35.6696833779999,6.204583326999962,4.579183540999963,109.00256670399983,17.60198337299994,61.966966603999616,45.902650005000034,69.84003335000007,0.04411672200000051,1.527816687999993,26.15151679599999,662.8676166799997,0.0,662.8676166799997,11.43100010800013,24.993666673000018,26.534433313000232,148.32404993699956,20.308966661999875,10.186866678999987,0.1533999939999981
2016-08-10,0.0,0.0,53.85253330300003,10.409083337999986,0.41966686400000214,116.70269996300017,16.86853334800003,53.378016617999506,45.12916665399996,61.77213331199998,0.04511672300000034,1.5226166959999896,133.6705834300002,869.3292166709995,0.0,869.3292166709995,13.739216757000065,26.10763335799996,67.62948329999935,179.5014166470005,20.333950035999962,15.14303336199995,0.13641669499999953
2016-08-11,0.0,0.0,41.5974999919993,9.44788332899997,0.14130003300000057,134.3856833640001,16.357200003000063,57.16868329000002,41.20293335400006,87.42094998700009,0.06311674400000032,1.4782166520000029,52.21890005599995,1266.4410166649989,0.0,1266.4410166649989,18.58655002800001,31.85875000300008,5.082066639000031,160.7659833039996,547.3269000049994,8.397550030000026,0.1115500119999999
2016-08-12,0.0,0.0,40.33911663299979,6.682699976999962,3.572400086000027,115.08571669299982,25.972816614000283,0.982100004,54.846450001000065,134.7232166689999,0.08036676300000031,1.5294500099999986,15.960116704999956,1637.2518666540004,0.0,1637.2518666540004,14.461816633999945,26.328183317999766,5.085933326000029,390.2858500190005,783.4106833240005,8.151433338000034,0.09255000500000002
2016-08-13,0.0,0.0,37.668550001000185,13.004049999999978,442.78378337799995,197.8747666480001,33.55461663800004,96.2627999919997,82.40219999999981,155.04978333599985,0.10551670700000067,1.6179999950000015,86.33508337100005,2465.2557333220016,0.0,2465.2557333220016,24.140216674000033,73.67728330399999,25.601966637000004,356.63700001900116,773.7077666630001,9.057483364000007,0.11135001399999907
2016-08-14,0.0,0.0,60.726366633000126,12.649799999999999,608.9795666840008,154.57280001399994,28.420083327000036,108.2708833289998,51.82601664199992,169.8524999990002,0.10156674700000032,1.711616659000003,164.1126166709997,2604.998683319995,0.0,2604.998683319995,38.36938339600005,114.68708334599997,5.059283332000017,276.48056666800017,783.0213666619993,8.187166692999996,0.0961333210000001
2016-08-15,0.0,0.0,56.447449921999485,10.180566670999982,84.17200001599994,142.60240003100003,33.343716650999674,1.1465332929999972,53.68278335800019,135.83684998999993,0.08718342799999998,1.591333349000007,78.75759996299962,2011.9184166620005,0.0,2011.9184166620005,13.848483381999984,47.92276667600013,87.36873335500012,416.6941666530002,798.314566686,7.894283379000029,0.1090500030000003
2016-08-16,0.0,0.0,45.1407166049993,7.950133326999961,1.9455999800000017,118.04431667299991,16.12149997400008,65.4931666619995,53.392183331000055,78.13564999399996,0.06043346300000033,1.4555999760000005,92.63444992099983,1358.355016663001,0.0,1358.355016663001,22.588416651999975,26.37090001599995,5.056616635000006,0.8670499929999981,789.667300001001,8.571183327000009,0.10434998800000053
2016-08-17,0.0,0.0,52.53711669099967,9.814900010999981,0.9690166930000046,127.169883309,7.545749971999975,52.22905005799955,52.12943333000002,80.8025999750001,0.07393347199999964,1.4857999779999995,22.322516656000083,1710.3216333380003,0.0,1710.3216333380003,11.247866652000017,36.058216653000095,129.67081664800023,262.9059166900004,790.4155166700019,35.193533332000044,0.11056665600000087
2016-08-18,0.0,0.0,26.44784999100024,12.51330001599999,1.0248333160000092,103.92414996100014,15.791583327999938,58.6992666449997,47.59121666700005,77.64473333200006,0.05523344800000023,1.4698499899999995,62.667066802999926,1429.623099995,0.0,1429.623099995,9.443283358999992,26.03976669099999,5.0721999790000165,138.7731333519996,784.1125000010003,7.992816681000046,0.0980833399999998
2016-08-19,0.0,0.0,60.92608337900038,7.755999991999994,11.503316663,96.72398337100034,18.05463332800008,53.98346667999992,48.42933333200003,95.29514998700006,0.05185010000000047,1.5334833459999955,32.921616824999944,1133.1872166679993,0.0,1133.1872166679993,8.134983409999963,27.449516681000052,5.107833327000031,216.5451000279999,410.9039666860009,8.013366646000009,0.12020000700000105
2016-08-20,0.0,0.0,28.569866667999403,5.994233333000023,0.9662166370000024,79.05971673400036,0.9180333070000115,51.39531663700007,23.697483328000025,27.307199800999232,0.04303344300000026,1.3684500030000044,0.024066782000000304,869.2232666710015,0.0,869.2232666710015,3.173650062999985,35.735300031999756,5.03611668000001,0.9380166959999916,556.0237499940001,12.867583352999821,0.1023666750000003
2016-08-21,0.0,0.0,2.0949667679999973,4.254383301000002,1.0531334360000015,78.69990001000069,1.6266166159999922,0.8938165650000005,9.696183326999954,0.27616643000000335,0.0386168000000004,1.2917499759999949,0.028616840000000546,935.4048166670004,0.0,935.4048166670004,0.7091833409999992,25.9659833050003,4.97313332700003,0.5938333669999967,759.0046333400012,7.457800066000089,0.07018339300000047
2016-08-22,0.0,0.0,2.152799951999999,4.414266643000009,1.0867000710000085,76.1110000120001,1.1515499230000028,0.9894833760000017,9.889200013999947,0.2732163710000042,0.03203342000000038,1.4199999799999887,0.028650183000000547,971.0810499890003,0.0,971.0810499890003,0.7227333829999981,44.51644996199998,4.986216617000023,0.603466700999994,777.5803499809992,7.4968999840000485,0.07451668900000046
2016-08-23,0.0,0.0,2.0518334120000046,6.347599986999968,0.9750167440000083,64.785450051,1.0285499090000012,1.0174166660000108,9.972249988999994,0.27734980400000336,0.026150249000000465,1.453233356999996,0.00783347399999995,318.67151667600024,0.0,318.67151667600024,0.02566687800000086,25.207066624999733,5.045783347999966,1.4738000199999914,138.43603331099996,7.437516704000027,0.10433330100000165
2016-08-24,0.0,0.0,2.045616671000008,4.404466652000014,6.242350061999979,72.87780006600032,1.0429832509999983,1.0181833890000043,9.961699993000018,0.27749981700000337,0.029333523000000476,1.4705332869999916,0.00870014599999995,353.4230999990008,0.0,353.4230999990008,0.030183524000000378,56.429133379999975,5.053183342999992,1.4818167499999888,126.16904999799989,7.702550057000054,0.10221664500000144
2016-08-25,0.0,0.0,2.1320165759999936,4.404566688999997,1.0805166680000031,68.54384999500014,0.9059165940000083,0.9792833010000032,9.878783319000005,0.27723312600000366,0.03520013800000042,1.4171666609999938,0.026566842000000406,930.2385333520009,0.0,930.2385333520009,0.6194499879999996,77.32271673500054,5.001099957999994,0.7343333669999935,705.2039499939999,7.551083341000044,0.08891665400000086
2016-08-26,0.0,0.0,2.1368666019999965,6.394866687999975,1.0579667040000096,72.97855000399994,0.8903166020000085,0.9592499539999965,17.17896667700001,0.2787997840000039,0.03581680600000038,0.6225334009999971,0.024750214000000402,990.523166667,0.0,990.523166667,0.7094333329999987,66.28043334100012,4.997149952999995,0.6062833389999959,770.7317666740012,7.647866640000033,0.08970002700000027
2016-08-27,0.0,0.0,2.1022167730000088,7.436633377999997,1.0062499369999989,92.36061668200055,27.41904992300006,59.76589996300012,22.710599996999967,25.372149820000004,0.058216740000000405,0.123733364,47.59271686999981,1401.2341666700013,0.0,1401.2341666700013,7.174616788999987,28.67886666800015,5.027700017000006,255.46638333299944,767.2418166720001,9.412266689000003,0.0921666950000005
2016-08-28,0.0,0.0,65.11061671700132,10.283816635999978,1.0096666800000031,142.29738328900012,9.183949985999977,95.4680833659993,47.22986666100002,75.12495000999985,0.05830003300000071,0.1390166589999992,65.02353348100011,1517.7730833280025,0.0,1517.7730833280025,21.1864167300001,25.627633343000053,64.38789998700008,249.31986669399936,561.6540000170002,8.23328331700002,0.1247667120000009
2016-08-29,0.0,0.0,45.96264992700058,7.936916667999975,0.8733000700000004,106.3879166540001,8.118633355000002,57.5145833099999,51.955999993000034,94.30241666799999,0.04166671000000034,0.1581832579999994,42.38148346199981,789.4776499950001,0.0,789.4776499950001,14.296483383999954,48.713916680999986,5.1723000089999855,106.29179994099998,125.82113332699993,32.691033321,0.1412166659999991
2016-08-30,0.0,0.0,59.813933308999765,10.099483350999968,0.8969333969999985,85.77410000000002,0.9682499940000034,72.69599992999953,42.34386666500014,56.62728331999994,0.03110011500000041,0.10880008399999941,53.58268347199981,690.8434166670007,0.0,690.8434166670007,18.042016754000112,32.18433329900001,5.1547167339999955,37.57291662800036,126.27825000199995,29.694716627999885,0.13101666000000048
2016-08-31,0.0,0.0,48.837383279999464,8.98273332899997,2.002250084999999,96.08028335099979,9.408233354999906,1.0685166900000007,46.54254997800008,57.092016672999975,0.04103346000000045,0.05780017599999999,101.51671671899946,1234.137033328001,0.0,1234.137033328001,22.128066702000005,25.698250006000084,232.21140003000022,1.2133833590000014,473.34406666499916,35.696649983999876,0.0941666900000006
2016-09-01,0.0,0.0,36.970266559999516,10.53956669300001,10.408200044000012,99.89654997999999,14.264883316999985,60.861566755000034,45.586866663000166,85.47095000100006,0.06095014700000025,0.1182000580000001,96.39428336100032,1981.48921667,0.0,1981.48921667,65.87081661300034,66.99501664700033,290.5097499849982,217.46143334000075,773.832250008001,35.7338333529999,0.10408336200000053
2016-09-02,0.0,0.0,42.77518330200018,8.353783355999958,20.93856673000014,71.78021666200023,0.8835333069999977,58.63323328699956,43.134783358999925,65.17585001099962,0.037266840000000155,0.10128343000000006,62.340016776999796,1012.1338999999998,0.0,1012.1338999999998,18.14645003600015,31.121016663000013,5.0888166870000004,134.73861667100013,389.847516668,17.354899991999996,0.10973333600000157
2016-09-03,0.0,0.0,42.183216697000226,8.949950006000021,0.9344333569999946,86.58608337300066,12.994350008000023,63.116349960000335,37.47946667299988,53.44684999800019,0.036450139000000374,0.1204834460000014,114.09185008999934,810.8580666649991,0.0,810.8580666649991,16.805700077000104,39.9731833549999,39.705333345,49.62129997000011,123.71263334399997,27.66416666300008,0.09533334300000015
2016-09-04,0.0,0.0,38.47501661499947,10.608349975000023,0.9155999750000035,119.40228334399993,11.525300028000023,123.32189993899986,30.587583330000065,78.80905000299988,0.04603340500000033,0.19013330699999967,100.82750012199936,879.9401666589999,0.0,879.9401666589999,31.504816755000004,25.323783380999934,5.0741999389999926,85.65593331499952,123.59656666299996,43.53083334399966,0.10655003099999925
2016-09-05,0.0,0.0,53.57160002600041,8.335866683999985,0.9791000389999984,102.88924999799976,6.406116699999938,1.0452333439999941,19.090849999000095,60.77863333900014,0.04091673200000072,0.08668329300000059,38.991900152998895,734.3633666480011,0.0,734.3633666480011,18.169100127000224,28.134183331999907,19.994916649999983,172.02593330000013,126.80929999900006,22.845083414999845,0.08275003199999986
2016-09-06,0.0,0.0,26.80996666699977,10.802083326999952,1.0835000399999997,90.45418333400018,14.958450005000024,56.67976662799971,31.85971667800002,79.08081665199988,0.032716725000000474,0.1328666350000007,154.5510834300003,838.1141666670001,0.0,838.1141666670001,26.490783419000138,33.42908336300015,129.73041666900102,2.0433832850000178,125.78580000400004,11.099499992999949,0.10141668000000041
2016-09-07,0.0,0.0,50.35851663799969,8.817883329999974,0.9715000860000029,92.72403333800031,0.7955666380000038,61.30573333999966,49.126366664000095,65.03714998699992,0.0630667070000002,0.13006667899999996,64.12061667199983,1236.3625333439995,0.0,1236.3625333439995,25.36549999900005,27.33045001500011,5.06821663700002,93.83664996700041,634.0533833350001,10.365949984999972,0.11328334900000127
2016-09-08,0.0,0.0,34.15838323600092,8.054533328000002,1.0328666850000134,101.40030002800012,16.299183343999943,65.77926671600022,42.34728333200001,61.238266683999555,0.06550009300000001,0.10866664999999945,95.33198325699989,1307.4015833270023,0.0,1307.4015833270023,35.68888333400023,27.887833353,5.047433322000039,0.9320333499999984,767.0237666609993,10.058933270000045,0.1148166510000014
2016-09-09,0.0,0.0,21.133083233000196,7.452599985999981,246.8392000529994,101.10758335900002,17.138833303000276,1.255300064999999,49.3543666690001,100.95711667800009,0.0799167969999998,1.2405499399999933,57.24263332899867,1823.1282333369993,0.0,1823.1282333369993,13.29216662300003,27.833583390999983,95.05153326799957,279.8765499729994,771.1742333349989,9.423383333999977,0.08950001800000058
2016-09-10,0.0,0.0,49.38241666300057,9.736766688999976,239.78596664000003,95.40126664000023,8.823333349000043,57.40040004899992,50.80463333200002,86.63990000900006,0.07056678200000029,1.5148499939999953,102.90531675799917,1711.7183166580014,0.0,1711.7183166580014,12.528933356000003,27.516866671,5.064766673000018,115.34746664099985,754.2535000129994,29.300666650000103,0.10456667300000014
2016-09-11,0.0,0.0,17.173566668999996,13.449250053000013,0.6986667019999993,110.28251663200035,10.310116688000013,110.06568331400005,32.18774998900022,75.0139666689992,0.0443666650000001,1.2726667340000017,107.69048341199961,1115.8973166830006,0.0,1115.8973166830006,28.424800054000038,35.17479998299988,190.26140005200043,168.35409997799957,54.23521661000017,45.67005002300005,0.149233345999999
2016-09-12,0.0,0.0,26.605483381999576,9.678533322000003,6.24299999300001,81.26219997699992,13.680200003000072,1.1795166029999888,24.142366673000033,60.86908333200003,0.03751679000000025,1.5973832859999972,127.11711674700001,716.3720166639991,0.0,716.3720166639991,24.504633408000036,32.45851667500004,5.111016694000033,122.72651666199971,93.87466671200005,24.62549997499988,0.10188333900000042
2016-09-13,0.0,0.0,41.49376666400043,9.973116641999967,0.9643332890000078,78.06308336599992,9.537016690000039,56.998066677999894,22.043316667999967,43.955016707999974,0.03510007500000051,1.5305333539999946,87.22561673999961,849.6718166809993,0.0,849.6718166809993,16.08315011499999,27.473583262999906,99.06816665399964,128.55355001799995,136.4362999769999,30.34723329000008,0.10460000900000029
2016-09-14,0.0,0.0,40.629533298000204,10.552483305999981,9.43426669699997,87.44856668600006,0.9402166580000013,59.86353331299991,29.23034999100001,79.07156665900027,0.032050004000000354,1.5875833369999948,84.82600008099998,740.0350333519996,0.0,740.0350333519996,17.841200032000064,30.430766725999998,100.30211667100028,1.5891500400000067,136.58688331199977,10.048916684000044,0.09616669700000037
2016-09-15,0.0,0.0,34.97739993600113,10.310583320000008,0.9426166109999959,79.22641670899955,7.83501664999996,74.71869999300023,36.20316666399997,47.70466665799955,0.03590008600000043,1.5370667050000006,82.7063500749996,907.6841666670007,0.0,907.6841666670007,19.6244667880002,49.557249952999676,159.3713833510001,86.13246665399943,137.10755000299994,7.866683282999942,0.1307666489999999
2016-09-16,0.0,0.0,41.213983388000926,7.705650021000002,9.469616585999983,71.26771668000008,0.947983351000001,1.0543333390000043,22.129383327999985,28.03531667299995,0.025883434000000306,1.5491167030000008,37.21686676700001,577.1562333340006,0.0,577.1562333340006,13.60763347800013,27.369350044999937,102.8621667089998,1.5705999660000043,136.61230001500005,12.091550034000019,0.07618338900000024
2016-09-17,0.0,0.0,55.26158330199941,13.776349997000008,14.367983324000008,72.69475009000085,9.784750033000165,59.28491666599956,33.635683355,35.45224999099975,0.03801679100000033,1.4570666569999908,73.95550006599957,903.8339500110003,0.0,903.8339500110003,15.249583467999981,27.982233279999974,88.46386671100095,159.4396999619997,134.2148666520002,50.367850072000245,0.09001673699999993
2016-09-18,0.0,0.0,33.107633316999504,11.210633358999969,10.137216641999956,116.11501670300012,19.65593334899981,100.91251668000037,19.716533335999937,33.74406667500005,0.05335009599999998,1.411533312999993,211.42508338100004,1557.6074166630021,0.0,1557.6074166630021,39.53621676699975,62.95011671300013,310.7355000319961,343.6926499399995,132.90630001099987,15.714500060000036,0.10101672399999992
2016-09-19,0.0,0.0,46.87178331400047,7.5391833219999915,33.57751664,111.39216667199972,36.48531665699994,1.049883319999992,32.18560000399996,66.50063334500001,0.04861670900000039,1.6040833579999985,170.70030002500025,989.7678833240006,0.0,989.7678833240006,23.580650078000136,27.847550020000003,92.14780004400014,144.85418337100023,136.08436667299975,22.30024997399998,0.09065001700000022
2016-09-20,0.0,0.0,43.396333326000466,9.983983322999991,1.0962333779999986,98.76424998800003,8.999966641000029,53.52056663899975,47.01866667400008,58.69131667200008,0.046500030000000456,1.5152666959999839,46.871800086999734,820.0646500099996,0.0,820.0646500099996,22.040933415000126,30.42205008399974,5.165416716000024,88.49485006200045,243.7063333239999,15.736583332000064,0.11931666900000096
2016-09-21,0.0,0.0,61.24455001599978,11.75749999799999,3.646066639000021,100.56763337700015,15.848416639999975,55.83119997599989,40.16516664999986,64.11996665800034,0.06785008900000009,1.487533298000004,171.3350833740001,2066.1251666509993,0.0,2066.1251666509993,21.49309998400001,35.073033323000004,385.9082999899988,270.93783330599916,761.5327833310007,7.788316665000043,0.081350057999999
2016-09-22,0.0,0.0,36.04116670699958,10.676533353999977,8.084466614999997,102.44124999699986,17.076899970999865,56.44791670699965,23.684116674000048,52.983549995000054,0.05650009600000044,1.5505166409999989,140.9919500840003,1716.7126166569985,0.0,1716.7126166569985,21.343166678000053,37.38450006499995,343.10931662499934,197.4970166550005,599.4185333220006,7.6101832420000335,0.08266669799999977
2016-09-23,0.0,0.0,37.622299990000606,10.841083355999949,1.440583195999989,71.91676669800026,8.315583347000047,60.49143339499946,19.40586667700003,60.66798330999998,0.035933418000000446,1.5337666610000011,82.6568834029999,845.6508333290013,0.0,845.6508333290013,14.05183347300002,31.005349988999985,205.00373333700009,46.40431665100013,135.72314999699987,7.454983251000004,0.10283336400000087
2016-09-24,0.0,0.0,30.491016708999968,12.84521665399997,33.40273334199939,82.06158339600019,0.9387333449999995,50.194266739999605,20.904783343000016,27.95908330200005,0.03625012000000049,1.4246166829999976,77.81865008499997,833.6993499879998,0.0,833.6993499879998,22.125150122999937,32.7593000849999,140.5846165659998,120.44346669900052,99.6380000369991,8.740116669000045,0.09541672800000031
2016-09-25,0.0,0.0,63.966933313000006,9.910199992000017,19.40668338200004,65.06829998200011,28.665566669999905,56.48826671299934,19.747316642999998,28.741133332000032,0.04691671900000021,1.473200014999993,97.28078337599975,1105.114899996001,0.0,1105.114899996001,25.018466694,74.18474995599983,61.792016637999815,400.11706664899856,19.568983286000048,61.88231667499992,0.12033330900000061
2016-09-26,0.0,0.0,59.48071662300003,12.154666644999983,16.912199993000026,79.43955002999965,18.30225004900015,59.25091664,21.883249992999986,26.88748332100007,0.04048342300000022,1.5340333319999966,144.3858666949998,944.6951000010007,0.0,944.6951000010007,27.879850030000036,74.99641661999956,119.25563330700018,193.7350833360004,19.519266662999993,8.044550008000007,0.12270000200000042
2016-09-27,0.0,0.0,62.288183312999834,10.367983342999972,4.740983377999991,70.24661665199982,8.941299994000051,64.66061661499887,22.391783344000018,26.71471668600004,0.03330007800000026,1.5040833789999986,132.35218340500003,684.9012666619997,0.0,684.9012666619997,22.862100052000088,29.141866624000013,5.0792166359999875,108.06201665500019,19.57548329999987,18.15188332900004,0.11973333299999982
2016-09-28,0.0,0.0,67.50341664900043,10.652683315999974,14.09825006100005,91.07093333899978,10.959900026000012,51.1065332699995,24.736800018000054,36.04008330999999,0.031483418000000325,1.548099989999997,236.77671669400007,854.4785166690002,0.0,854.4785166690002,50.055550022000006,32.30708327500017,102.44319995299954,43.72639999500015,19.584933301999794,8.745466762,0.11474996700000091
2016-09-29,0.0,0.0,47.61311657700005,12.123916648999971,0.06598339199999995,66.99025002100012,9.285833344000041,57.644083225000166,21.222049999000024,32.893333321000114,0.030483422000000333,1.5079000169999952,98.55235005900002,635.9341166619993,0.0,635.9341166619993,9.53210004900003,32.79971661700013,146.7069167279996,1.452300009999997,19.582983314999893,7.620816719000028,0.12685000800000007
2016-09-30,0.0,0.0,24.307066695999985,16.071499976999984,86.69246670700022,103.25148334799982,8.899550068000082,67.63330002799988,17.653199990000058,34.298949995999806,0.038966743000000276,1.6276499539999925,240.34190004500036,1292.9136333439994,0.0,1292.9136333439994,39.694033374999904,104.93796671799994,227.26991666900324,182.61483329599935,19.64909996900007,37.89751670799998,0.1298333020000002
2016-10-01,0.0,0.0,46.423633285999706,10.216750004999989,123.19143337000008,73.12050007000016,18.837449989999982,63.572766643000215,16.850783338999964,28.47436668000005,0.04980009299999995,1.5295832949999955,301.0689167070005,1486.3503166700011,0.0,1486.3503166700011,43.911616698999985,77.75446667600013,152.7388000260014,370.59803335399755,19.588333376999955,57.224183337000014,0.138650007999999
2016-10-02,0.0,0.0,62.72361664199981,13.455849999000005,42.877583359999825,83.74601668200025,0.9051833900000026,61.766083292000275,15.39696665999994,53.72108333500007,0.03150003800000026,1.4916166649999902,93.75020004599978,652.0078500019995,0.0,652.0078500019995,44.24371669799982,34.19409998700006,5.063366719999997,1.524866659999996,19.550833334999965,41.18875000000015,0.10513331700000056
2016-10-03,0.0,0.0,51.85669998700002,9.629866672999958,8.530883365000026,67.87073338800018,9.411433417000064,1.2082832909999905,18.737016673999985,40.02766669299991,0.02815008500000039,1.5706500019999992,94.86658339899967,805.8437833370004,0.0,805.8437833370004,28.92858336800005,27.485716724999957,169.09001668699997,172.6719500140001,19.61228334599977,33.94944990900008,0.10146663300000065
2016-10-04,0.0,0.0,39.79718326399991,10.970716645000019,0.06696674299999977,81.23751671499987,6.498699985000011,57.93483326099904,21.051933333000058,60.43555000500003,0.03213338300000049,1.5457833149999987,134.45248338199997,532.565083318,0.0,532.565083318,19.332583356999997,32.19276658000005,5.053233299999995,1.5148500519999957,19.5742166509999,8.245583367999869,0.12118335100000027
2016-10-05,0.0,0.0,31.183033321000256,10.982183325999983,4.636200083999976,58.48803336900004,10.859966696000026,65.2586332850001,21.51956669200002,45.393533338000005,0.03196675000000024,1.5586499790000046,68.98968342900005,633.1398499939994,0.0,633.1398499939994,16.019283389999977,25.297466657999948,95.38438335800043,104.10813334700056,19.556166675000064,8.624849980999944,0.12079997400000088
2016-10-06,0.0,0.0,57.156349998999936,10.379583318000025,0.04533337500000041,66.85433334699974,0.9371500440000048,1.1331499569999968,21.79398331900007,37.453133341999916,0.02791674900000041,1.5628166679999969,81.40240008399952,734.0594999930013,0.0,734.0594999930013,19.75228338300006,40.044216733000134,159.54061671300107,109.27568334200008,19.57896665899993,41.238716662999956,0.08413333900000035
2016-10-07,0.0,0.0,54.92966663599967,9.737033323999981,4.3315667259999255,61.49425001199994,21.67651665600002,67.18024992399978,21.32926670000003,53.513633341000045,0.043100077000000105,1.5342666420000004,106.36571673299953,953.7933000009999,0.0,953.7933000009999,16.924733388000032,72.16326663499947,5.149583372000013,345.55196669999896,19.584866610999747,31.477050014000117,0.12733334400000007
2016-10-08,0.0,0.0,44.72724994200003,8.901799988000054,55.8848000729988,48.31593332599998,8.909616749000245,1.0079166089999938,15.706533320000043,16.792016664000016,0.03410009500000043,1.4648500099999933,46.78251673799949,686.0347500029995,0.0,686.0347500029995,14.55283338100007,63.32771672499987,5.092433308000051,280.0375333169966,19.532633251999773,8.104949907999979,0.1068665950000016
2016-10-09,0.0,0.0,1.9464666760000076,6.381483336000023,0.01978344100000011,53.72660007600023,1.5431167120000122,0.9408500249999942,9.782733324999938,2.2255665979999995,0.02436678000000033,1.384300048999999,0.005916769999999981,182.79843333299974,0.0,182.79843333299974,0.004583398000000007,24.96209996400014,5.072316670000046,1.363533305000005,19.55231671600021,7.258316548000024,0.0969999460000017
2016-10-10,0.0,0.0,2.0124832730000044,6.624183352000003,0.019316769000000063,40.49500004700007,1.0074333860000024,1.0102832600000062,9.966116692999964,2.2380332479999923,0.0196167980000001,1.4901499809999974,0.005983448999999984,170.53986664800027,0.0,170.53986664800027,0.00326673200000001,24.977866787999883,5.097333317000001,1.3823500109999818,19.556816738000048,7.285383353999985,0.09486663300000123
2016-10-11,0.0,0.0,2.0160499590000067,6.323766650999979,23.468966733000048,37.544216712000065,0.9875333190000037,1.0343333430000015,13.748400009999953,18.42366668700002,0.020000123000000068,31.576083317999917,35.990150095999915,283.78733332800033,0.0,283.78733332800033,0.2009000659999999,27.148499946000097,5.0985166390000165,1.351099990999991,19.578583351000084,7.2697167230000215,13.472733432000002
2016-10-12,0.0,0.0,33.72939999599946,9.781166628000037,10.834599991000028,84.25546675300008,8.53006662500003,62.03279999599933,21.436683330000026,31.903633334999963,0.03158343500000047,74.99766664699989,152.3112000660003,819.2819666599999,0.0,819.2819666599999,15.43443336600003,89.1179000119997,79.80881667800007,1.3955500060000015,21.288850047000043,8.273783281999975,0.12755009200000006
2016-10-13,0.0,0.0,41.92301660099997,12.197533332999997,0.05990004600000032,74.22673333000031,15.73281668799996,1.3240166059999945,21.875699996000037,44.288399991999995,0.03210007200000028,31.883716698999933,111.85438340299986,777.0281499899996,0.0,777.0281499899996,13.048466702000008,42.22763334400005,107.60065000100005,155.60888333400027,19.579233348999846,18.012666721999867,0.11701667300000115
2016-10-14,0.0,0.0,32.908549975000035,9.237399983999975,16.009333373,65.71835002100008,0.951333349000002,56.76266665199941,19.490583340000008,29.963333315999964,0.03746672300000043,78.3417166620001,120.136450064,802.654216663,0.0,802.654216663,18.30295004000003,44.74943339499996,5.142383345999993,222.4454999629989,19.595233323999913,7.630550019999999,0.11975000300000035
2016-10-15,0.0,0.0,45.97023330599941,7.536116657000015,6.593583435999873,76.47631667399989,0.9370332600000041,58.82263342099955,20.90810000599999,62.80933336700008,0.03190007600000033,42.799600007000144,85.32098339599942,582.3352166440004,0.0,582.3352166440004,59.776900023999794,37.769266632999965,5.081883342000016,1.405366684000005,23.574716647000265,9.398000016000093,0.10300002299999995
2016-10-16,0.0,0.0,38.20246663099952,12.950783338000042,1.2289500019999973,57.462850041000046,8.999233314999987,5.836949989999971,19.545533344999935,74.26853332299997,0.02590007900000026,34.578383329000054,98.5973500649995,574.9608666680001,0.0,574.9608666680001,27.850416722000002,64.40930001600005,5.063616689999997,1.438816656000014,17.779616700000133,46.591733381000296,10.659000027999966
2016-10-17,0.0,0.0,48.05553330899974,6.051183342999983,12.744416706999932,84.61666667799989,0.9192666750000056,65.84321663000014,30.049533347999944,59.842149995999954,0.03095009400000044,12.113483307000095,122.27010004599975,707.9940500059998,0.0,707.9940500059998,13.705616712000042,28.022766642000008,5.12131669500001,142.4029166469996,17.771499962000195,7.801199974999995,0.11494998599999998
2016-10-18,0.0,0.0,44.06268333699993,12.390583335000022,3.03713337600002,61.176950036000065,19.670266693999825,1.0808833290000048,19.38841664599999,39.60531667599996,0.03226677600000045,1.5461666549999988,117.29570006299967,741.367766674001,0.0,741.367766674001,14.91503339800007,27.688383277999996,5.109216702000015,268.86551668599736,17.785133338000154,30.137083366000006,0.11255000000000026
2016-10-19,0.0,0.0,33.13426664300011,9.270466684999946,0.12290002499999883,68.05808340099998,0.9724333789999975,72.09334996200019,22.37226669600002,33.78296666700003,0.030016767000000527,1.488733323000008,71.85623340399944,509.2970333450001,0.0,509.2970333450001,12.287583385999996,79.28243331500049,5.1286166530000195,1.4289166290000037,17.756333357000205,17.246216677999993,0.15743332599999815
2016-10-20,0.0,0.0,35.93678333499962,10.130283351999969,14.11151673500006,69.61096672800028,17.233800049999555,61.91388331599964,21.894050007999994,32.279299992000006,0.053300111999999664,1.4922500280000002,177.05545005499994,1383.795933359,0.0,1383.795933359,8.083833395999989,29.393650007000016,5.1833333559999835,825.1859333230001,17.79361667300015,7.423883390999928,0.13308334299999922
2016-10-21,0.0,0.0,31.785000035000223,6.060266654999987,1.019116730999992,59.83996669900015,8.670766700000042,54.6907833359994,20.76536668200003,26.099449998999997,0.03030008700000042,19.304116627999985,99.25850006499996,525.010549991,0.0,525.010549991,19.08178336200007,27.443166637999933,5.12870000700001,56.94781665400018,17.755833468000134,7.605516761999996,0.13448334199999915
2016-10-22,0.0,0.0,48.96328331499976,12.668716659000028,31.39248339300043,89.17298338700044,0.9110833649999996,72.72116659799919,20.416749999999997,55.74228332499989,0.037133394000000236,9.373149971999961,81.94671673599969,716.4822999980003,0.0,716.4822999980003,29.080750051000013,98.44398328099982,5.101316715000034,1.7221166750000048,17.777333333000108,61.0547832449999,0.13105001199999902
2016-10-23,0.0,0.0,67.32354997900093,8.787400002000002,0.9016834029999999,67.4957500940003,17.136016653000066,56.70616672099964,22.03839999500001,68.30471668399994,0.035450081000000244,35.94119999199986,115.26963339299989,835.6832333199998,0.0,835.6832333199998,27.19193336400001,46.70938328700012,94.93330003100051,102.98716669100013,17.773016739000145,24.966866720999935,0.13131663199999954
2016-10-24,0.0,0.0,46.403583393999696,12.61561665399996,11.441183345,77.84253330899979,31.564349971000144,79.36076672099945,22.524966685999956,69.52291666699996,0.056466735999999934,43.125583317000164,191.58675003400003,1574.9989500060008,0.0,1574.9989500060008,53.92380003699963,81.07439995200006,114.00226666599998,596.4449166819991,17.838083355000066,56.356083290000036,0.13256665899999961
2016-10-25,0.0,0.0,40.38153339199966,11.946516664000006,63.47968340299938,59.41311669900023,3.8167333089999955,63.432333331999686,22.66116665999993,32.227333326999975,0.028933425000000502,91.09646665700018,129.79370006799996,846.1736166810002,0.0,846.1736166810002,26.52136669200003,54.662766694999945,109.38491670899977,47.66284994899999,17.828733299000117,7.926783278999968,22.94538331899995
2016-10-26,0.0,0.0,25.48105002900004,13.103649997999991,9.850733453000059,65.76048332900001,0.9104333030000057,58.30830003099936,27.898099988000016,35.01281665299998,0.029433417000000375,88.01766662899995,187.4874166940004,806.8945833180005,0.0,806.8945833180005,35.36870001799989,60.4240667130002,67.10633336599996,56.26358334600002,17.814883285000004,7.746983306999961,17.47501667499991
2016-10-27,0.0,0.0,52.142816689000476,10.447816656999981,47.76526669499987,86.62576671499991,9.122049979999991,60.56341667699979,22.749383340000023,31.317116668999986,0.04213340600000014,123.34086664799983,158.32636674200018,1019.8068499849976,0.0,1019.8068499849976,27.28561669900003,54.44075004599998,5.152333359999987,256.18576666800027,17.875866710000043,8.361349956000009,0.16088336599999864
2016-10-28,0.0,0.0,27.614200046000136,9.149700009000036,0.26345003200000194,73.56619997299997,0.898916661000001,56.98029998199973,23.217183347000038,41.38783332599991,0.025516780000000204,103.5608833199998,102.61313342599925,757.4378166610002,0.0,757.4378166610002,27.939166702000037,72.37695000299982,126.36685001800036,1.2896666809999966,17.91364996600003,7.855783325999999,0.12760003099999986
2016-10-29,0.0,0.0,52.782250061000035,10.24321666899997,16.18985003200003,67.77293333100015,9.663100015000014,0.9856165769999976,20.106333335999995,25.17423335299994,0.027783433000000197,79.44593332300038,109.1461333909996,731.9943166690005,0.0,731.9943166690005,28.14005004900011,77.28224996199884,5.051900010999979,146.35086663899978,17.882966704999983,8.571750088999957,0.10986670100000118
2016-10-30,0.0,0.0,33.37606671599999,10.286416684999969,50.30648339399891,68.55776670899989,8.998816646000067,73.91584997099962,28.941583342000026,61.15389999700003,0.030950089000000253,23.069166643999914,144.73790004399993,840.0423500230003,0.0,840.0423500230003,17.750533393000044,54.096633311000076,28.19026669999977,127.43696669700044,17.898016652000024,39.89143338700012,0.12421667300000036
2016-10-31,0.0,0.0,51.5363499810002,12.145000023000032,102.79501669799998,59.87546663899999,23.229233296000146,65.13836661200001,24.10125001300001,52.79665000500002,0.03608344700000019,60.4975666290002,99.39146669999963,776.2924500039999,0.0,776.2924500039999,20.881900033000033,92.73561666999979,5.147166667999974,44.628450005999994,17.877550062999976,8.357400070000011,0.13821670799999955
2016-11-01,0.0,0.0,67.95804998300102,10.244816689999988,4.370300008999988,58.26228332199998,22.09519996800008,52.81520004599979,21.87721668200006,42.69109998500003,0.03605007500000018,91.00771671899984,145.74555005200043,987.667683342999,0.0,987.667683342999,28.998183382000065,123.7963500029994,101.35626666999971,149.88415002100052,17.886516624999942,8.161016656000024,0.13973335099999876
2016-11-02,0.0,0.0,50.02570002500017,12.016966663000014,21.126766726,68.58621665100004,8.051366650999983,52.90916666499995,23.90316666600002,71.94095001499997,0.0348167650000002,30.615283313999935,95.69855007400002,1126.1649166680004,0.0,1126.1649166680004,32.832783385999974,54.68608334100004,205.2579667000003,226.6405333270003,17.907883229999975,58.07946665200015,0.12940003199999972
2016-11-03,0.0,0.0,45.91125000799993,11.876983328000009,17.580466704000354,59.975283373000075,0.9027333090000025,53.101716604999794,22.46996667700003,47.65575000300003,0.022783461000000126,23.55040001999997,175.77921672100052,829.6901166679995,0.0,829.6901166679995,33.85166671699997,69.61691671700011,175.36311663699996,1.4276833579999972,17.847016760000006,21.89430002499999,0.1289833339999996
2016-11-04,0.0,0.0,24.92360002400024,10.499400041999994,9.19775003900001,59.895200029,31.67853330100017,1.2887999449999907,26.87368331799997,36.952566653,0.040966761999999914,36.62053332700002,138.06770005500024,879.7150833220013,0.0,879.7150833220013,15.342933387999997,48.20253338500036,5.142483408999996,371.3116333669997,17.801883390000302,7.531350035999974,0.12016664000000044
2016-11-05,0.0,0.0,40.71110000699964,8.865066646999997,2.539600070000013,89.54950000299999,0.8980833079999997,66.46920005799936,20.88273331399999,70.2981166800001,0.028766761000000248,50.83375000400025,134.03545005600034,800.7415499870006,0.0,800.7415499870006,33.393133385999796,94.00173337699982,84.83639996000035,1.4098333409999966,22.02196669600008,19.017783320999992,0.15183336300000003
2016-11-06,0.0,0.0,38.792616711999784,16.440266661999953,10.469483397000012,84.46294997499983,16.778299945000118,67.03878337399911,46.27643332400031,62.00745001899993,0.03878341700000015,76.7930833350001,124.6956834039999,1019.1748666819992,0.0,1019.1748666819992,40.70095004699967,63.806633342999994,88.65448328500032,109.80978334700022,18.687516651999953,55.68305000399999,24.586316707000098
2016-11-07,0.0,0.0,41.28691671199972,16.332133351999985,9.438700028000003,66.68660000900014,19.350816682999977,50.25079995899977,21.303983313,54.63690000899999,0.04506676700000005,106.50936667299996,181.93740005400014,1306.2528499900016,0.0,1306.2528499900016,46.180533368999924,88.49051669599952,103.5836333610002,389.39503333299956,17.91621666400003,28.25371667,23.046916674000013
2016-11-08,0.0,0.0,27.818133388000177,10.76223330899998,14.979966739000062,76.49501671300027,0.9263833020000062,58.49328332000014,21.05518333899999,35.731533334000076,0.028716751000000377,94.83740001400027,105.15443341499942,798.3517166590002,0.0,798.3517166590002,34.549916696,117.81665,64.53841665600065,40.1025666640002,17.90558340199997,28.231550000999974,0.14343337399999864
2016-11-09,0.0,0.0,31.9253166690001,14.461283299000007,12.285583381000034,64.40590001200017,16.154216608000095,60.80340004200011,22.401616649000054,33.63836667499997,0.037266763000000175,83.12384995400012,224.9940666820004,935.5810666479998,0.0,935.5810666479998,26.306600016000054,48.2714999990001,5.151633372000002,172.96838330800074,17.889533415999978,27.95546666999992,29.9459167020002
2016-11-10,0.0,0.0,34.624933332999724,10.893283341999945,0.06683341100000031,116.64244999999991,0.8886500000000074,1.2189832189999976,21.342216671000024,49.649233329000076,0.0326167110000003,56.92568331800011,234.5302666990006,737.7743333100005,0.0,737.7743333100005,33.79355002799989,78.5356499060003,5.104166696000013,1.4704666459999962,17.886083312999965,28.15648332999995,13.988316697000005
2016-11-11,0.0,0.0,44.7129499539997,9.191433333999992,10.060000003999992,126.25161665600007,0.8586333260000065,61.328449948000014,21.834616690000086,40.90446666200002,0.033450036000000315,88.7856999999997,182.81696673699997,828.2570000000013,0.0,828.2570000000013,27.424050110000103,80.47948331999957,5.138533370000004,1.4024000169999908,17.919349988000146,28.393316672999912,0.12234998299999983
2016-11-12,0.0,0.0,37.38505005399988,10.662533301000016,47.8720334099997,76.72506673200029,0.8954833720000016,71.3855831969996,20.559066693000027,64.32111665500005,0.027283415000000245,83.11313334400008,39.760100095999825,856.3507999759994,0.0,856.3507999759994,48.76715001199998,107.04289997500001,115.59563337200045,1.397199998999995,17.92194995100003,53.84770001399997,0.1434167159999994
2016-11-13,0.0,0.0,49.17963333899998,14.617566668000034,59.62343339799987,65.95956664399974,37.85425001599986,64.58241659499973,30.612449998000056,105.86854999600006,0.05390009800000008,47.15903330500017,137.1221834010002,1393.5060166750018,0.0,1393.5060166750018,35.9113500269999,111.08156665500006,83.52786669200012,421.80388333300044,18.363416725000228,45.22809998299996,0.124050048
2016-11-14,0.0,0.0,32.20201668700028,13.757316663999992,27.296466743000074,57.867583316000186,0.9403667080000074,54.660766675000204,22.84750000100003,40.78221665199996,0.032283438000000525,77.97320000100005,128.7974500759999,1447.5975666609997,0.0,1447.5975666609997,31.021316712000058,78.55009996099929,165.4665333480002,295.5051166799988,17.971966705000025,57.82228332599997,301.189400036997
2016-11-15,0.0,0.0,58.702066678999856,9.664916667999973,48.21250004899986,67.33791663300003,0.8918833130000019,57.58341670000016,23.866300014000043,52.505949990999966,0.023583462000000194,63.59029996700022,192.1761333810003,841.8280999980013,0.0,841.8280999980013,54.044466703999966,93.832433327,5.114833345999987,1.444000015999999,17.96243325200009,34.85726667099995,0.15528338300000064
2016-11-16,0.0,0.0,44.90999999799993,13.852566685000049,143.76211670900037,59.80570000600005,0.9003999710000025,69.44928330299992,21.098766648000044,55.57386667799998,0.022833501000000214,34.69031663300016,91.11868342900016,940.1443166629999,0.0,940.1443166629999,72.86665001099996,154.78438337299974,5.118083373999983,1.617433332999993,18.002016663000035,78.92138333700005,17.848233388000178
2016-11-17,0.0,0.0,23.76969999400006,10.572466642000027,0.26056668600000205,78.5431666509999,0.8844833190000024,61.607316586000024,21.00533332700008,56.305083342999986,0.024066778000000136,80.05848335499995,225.2378167010002,990.2729333510007,0.0,990.2729333510007,64.59270001,66.974999946,203.66230004299908,1.4404166439999952,17.944016571000017,27.77079999999996,0.15931665399999978
2016-11-18,0.0,0.0,44.76533334500022,10.345749993999968,7.487150077999901,70.72103333599995,0.9340832820000036,1.2771499400000006,23.798333335999992,36.60686667100001,0.019833458000000092,75.90559999300021,96.96891674499997,571.9131666800005,0.0,571.9131666800005,44.50070000799994,69.18986663999996,5.076749964000005,1.3617833639999979,17.96709998100012,27.8579166540001,0.11893334100000023
2016-11-19,0.0,0.0,41.567766645999995,16.44063331199997,22.120216673000055,70.18821666100027,29.158133309000114,117.19435002599904,20.484749993999994,49.27083333199998,0.06350010099999992,70.7684499669999,282.40545004700016,1569.7966999959995,0.0,1569.7966999959995,25.544700033000034,84.45899999699992,47.68024999400007,567.9196666849991,19.842866675000053,28.557600002000026,37.630116697000005
2016-11-20,0.0,0.0,90.1625333570015,11.554600004999944,27.860749991000304,85.75813334600025,1.0249500110000105,48.75649995199976,19.77223334699998,44.450350015000005,0.035083431000000276,41.136133413000344,236.41436672200018,995.0823999990012,0.0,995.0823999990012,57.88071669099996,49.046683296000054,122.2435500050009,44.73911667399966,17.898933340000067,37.216000010999984,0.20670001900000007
2016-11-21,0.0,0.0,33.25133336099969,15.17058335600005,13.402350025999949,55.722666709999814,19.774650032999975,68.72469996200009,20.385449990999966,77.3655000049999,0.040266765000000086,22.711850019000057,183.72223339600077,1100.6705833389992,0.0,1100.6705833389992,45.09858338299971,97.51553333499999,5.133233355999998,315.9146166650004,17.996433346000014,44.100666658999984,22.889950039000123
2016-11-22,0.0,0.0,17.06986668200014,9.252349984000029,0.12003342599999935,43.8448833360001,8.976149968000108,61.28603325799922,15.173466668000062,13.42011668499989,0.02843343400000041,48.30183334000004,28.437633454000153,572.0572333160011,0.0,572.0572333160011,5.428300076999961,27.755416690000043,5.1352833569999685,194.24821664200294,20.489133393000024,28.904083354999944,0.1131165839999984
2016-11-23,0.0,0.0,1.964650004000006,6.422149993,0.016050108999999917,28.23358329599988,0.9662166939999947,1.0236332990000137,9.86190001199993,3.7820999729999865,0.010066774999999938,1.998016666000001,0.005850104999999984,171.2327666599999,0.0,171.2327666599999,0.002933392000000007,24.642083388999843,5.101166614999946,1.148666729000012,17.965283357999994,27.79246667099994,0.054899986000000844
2016-11-24,0.0,0.0,1.96766675200001,6.450233328000009,0.024116885000000195,33.91679990500007,0.9626834289999948,1.030150014000012,9.950383333999977,3.8696666419999755,0.011633434999999945,2.0244667229999993,0.00625009999999998,177.91151666200003,0.0,177.91151666200003,0.004900058999999982,24.621883355000225,5.113100017999958,1.1229666280000075,17.96834997300003,27.958466652999952,0.05755002300000076
2016-11-25,0.0,0.0,3.3525332609999925,8.198266645999997,1.2931835330000006,28.369233384000022,0.9514334559999982,1.0272167180000167,12.771333332999948,6.041516675999999,150.9586167630011,62.28483335700001,53.59223342499997,622.5487166629998,0.0,622.5487166629998,12.917300051000018,44.368716698999904,5.149083324999959,1.1260666520000164,18.034450028999807,30.988666674,123.99756662100033
2016-11-26,0.0,0.0,53.01999999399955,11.251966669000005,4.317900055999998,58.15253332100007,0.864266691000008,64.64939990799961,22.566999986999964,24.940266671000025,0.02303344300000012,62.33089999300016,152.88211670400042,758.1687500290006,0.0,758.1687500290006,34.495383346999944,63.002883306999955,5.121249984000024,1.3385166699999977,18.22521664300002,92.73824999600012,0.17511663800000055
2016-11-27,0.0,0.0,29.691066628000375,12.32634997799999,0.11390012700000016,56.65689996700016,0.874283327000007,56.93651659900012,21.003900003999973,34.99336667800001,0.02165010800000009,43.28295002200017,106.60101672900001,672.5290500139996,0.0,672.5290500139996,56.662250037999996,54.066366657000025,5.07596665600001,1.363116679000003,19.597566558000015,108.63114998,0.18613326500000069
2016-11-28,0.0,0.0,29.492783370000225,8.434650002999993,0.32183338300000064,61.406416674999925,0.8979500150000004,1.0314833050000123,20.494316673000014,31.484733338,0.022433454000000116,101.9834666940001,187.76133338100092,689.0674500080005,0.0,689.0674500080005,16.97730004199996,135.29576670199992,5.240500009999996,1.2765833099999953,18.33018338100011,28.384016665000054,0.13261660599999964
2016-11-29,0.0,0.0,62.2045000069999,15.872950006000043,110.34345003100059,57.2081832910001,0.8668000019999995,66.20488332199893,27.406383313999985,42.12748333900006,0.031700074000000376,89.18391666400002,182.25740002800038,1220.8793333290018,0.0,1220.8793333290018,63.22613333700009,132.88759996800025,5.152633346999998,1.4436333299999977,18.22185005399987,66.392033318,200.08921663099918
2016-11-30,0.0,0.0,46.999683403999526,9.122716672000017,0.21191674299999896,59.82078332399989,11.057466691999982,66.91425000199996,21.401183330000134,37.121733335000016,0.03078343700000007,28.008833281,168.58461672500073,1014.815816673001,0.0,1014.815816673001,47.15063334899998,152.89636670800067,5.143750005999992,154.12401667000054,18.21886660799992,111.60453334300009,23.14361670000002
2016-12-01,0.0,0.0,37.78085006100001,10.812183322999973,11.470950099000014,65.35499997500006,16.382466705999963,54.06093330300003,13.478633337999986,59.68753332299988,0.041016768000000224,72.44194997600015,133.66006673899983,1029.600033316,0.0,1029.600033316,26.25145003099997,73.65154995399996,5.150550012999974,337.4717166789987,18.204516687000016,58.44816666499995,0.12486671000000016
2016-12-02,0.0,0.0,28.907433340000146,16.7001833290001,16.49370003700004,76.74621666400033,32.1282500500001,58.37863326700001,23.71963334600003,17.63363332099998,0.062250082000000165,67.90036666400009,235.51980006899967,1716.5976333379972,0.0,1716.5976333379972,51.35273337699993,79.72693330200032,173.93870003599955,702.0011166599986,18.18521667100007,27.930766657000003,23.312583367000183
2016-12-03,0.0,0.0,34.35911666999987,17.315933334999997,30.06080007000021,65.7779333559999,0.890183354000009,68.39526663099969,21.85171666000004,21.855583317999933,0.023716759000000195,47.81395002500011,211.32993338799994,868.5512500050008,0.0,868.5512500050008,37.28331669799996,109.47431662600036,5.244766621999972,1.4148666780000085,18.325700065999985,89.12279999900002,26.44239998800031
2016-12-04,0.0,0.0,33.78096667300007,13.542766689999953,108.762500075,76.36439996800033,19.767550038000046,61.18049989399999,18.901366677000134,26.667249993000013,0.03931675000000016,75.74234997099985,197.4297667280003,1284.653549990999,0.0,1284.653549990999,47.77706669499995,31.22608332000002,97.33511664400044,351.8166666669984,18.195533338000125,29.534333366999956,0.2057499359999996
2016-12-05,0.0,0.0,36.15603337200071,10.474749994000009,122.13128338800047,71.83175002800054,0.8760500330000056,59.448849995000025,34.00358334199999,46.574149996,0.02655009400000031,119.94290000200026,132.23205003600035,879.765483317999,0.0,879.765483317999,33.79406670399992,34.43533328300005,63.238666669000104,1.3012666409999942,18.234783368999942,47.79629999199999,0.17773330999999984
2016-12-06,0.0,0.0,39.702816591000044,15.059916674000029,111.75163344699958,63.442083319999846,8.524433376000006,59.61764994000007,21.958700023,43.34018333299999,0.027616759000000126,104.50773330800017,196.13133337900007,833.168616658999,0.0,833.168616658999,28.27341671900003,34.914850016000074,5.119200024000005,1.2878499900000009,18.215416669000025,28.646616651999977,21.715933275000317
2016-12-07,0.0,0.0,25.592883306999752,12.93521666399997,66.91315005300015,79.83980002199998,10.846899996000023,59.25666663499991,22.57871666499999,36.13719998700002,0.039466738000000216,107.12153332100004,208.6120667040001,1233.9159333430011,0.0,1233.9159333430011,36.330366712999925,28.212833350000004,127.75541669900025,327.1124999739996,18.202583294000085,27.981199989999958,0.19351662899999997
2016-12-08,0.0,0.0,11.71586664399992,13.277916667999994,11.118316677000012,71.14318329600032,0.8642667220000065,48.54851676799994,20.76729999700001,25.119416653000076,0.03610008100000021,112.41866667899971,260.79415003599996,1026.7062499949993,0.0,1026.7062499949993,52.135766726000014,26.916549966999987,193.55798333899986,56.78713332500005,18.212033425999984,68.72221665000018,0.2190499359999992
2016-12-09,0.0,0.0,47.09416674199978,18.148483325999962,26.470300062000035,61.50499996700016,6.778100076000007,53.64743337099979,21.08871668400001,36.62416666899998,0.03480005900000026,100.54588332200026,113.23063340599985,828.7696500139997,0.0,828.7696500139997,54.33293339299996,65.3434666250001,5.081433323999989,95.91076665000016,18.23881671299999,42.25264999299999,17.791316616000334
2016-12-10,0.0,0.0,44.638916666999904,12.854333324999953,55.739883436000035,65.65758329100004,23.726083349999865,60.02341675199997,20.782649998000085,37.80923330600001,0.03675006000000025,106.11595003999993,240.122883366,1186.894566687,0.0,1186.894566687,44.481450043000095,82.90699996900007,75.70196665800106,117.70551665999963,18.51018326899998,109.5839833300002,0.2160833699999996
2016-12-11,0.0,0.0,51.98675001900044,13.56748332600001,79.05928340299987,93.14806666000003,0.8736499800000067,63.425100039999336,26.24303336200004,40.77181666000004,0.03955006100000037,110.67758334999986,94.12113339499952,978.5878499959994,0.0,978.5878499959994,54.551600043999855,129.3267166759994,57.31280002199994,1.2408666889999989,19.244766610000102,71.18153333900013,27.288166724000046
2016-12-12,0.0,0.0,62.07429999999991,11.074183350000041,0.14266677799999922,78.61089999599992,17.426466647999945,57.64728333899984,21.51746668099995,30.80378333099999,0.037750069000000074,57.36468332299998,153.46488338100067,956.7110000010011,0.0,956.7110000010011,48.56086669300009,52.05690000100004,96.66583336900003,157.7737000030004,18.568916711999943,25.59563335999994,0.19741670099999978
2016-12-13,0.0,0.0,16.049900023999918,13.197299987000063,36.27226676099995,77.93206665700001,8.757283329000046,47.53886674899991,20.60826666799999,30.336966664,0.033366713000000436,131.23436661900013,61.186316726999884,739.0093166659992,0.0,739.0093166659992,23.540833309000007,42.44266663299998,133.9007999939995,1.065583338000003,18.114566762999967,8.178783299000028,20.319166664000058
2016-12-14,0.0,0.0,42.42201670300009,15.990183339000065,30.364066714999986,82.51038332700003,8.139616646999949,56.43900006299996,20.864216668000058,35.939716651999994,0.035000078000000386,68.19638332800005,87.49593338899969,953.8654000050001,0.0,953.8654000050001,52.63295002499996,29.857433302000082,170.79470000600003,163.45606667700082,18.119916746999827,17.750350017000006,0.1820499709999999
2016-12-15,0.0,0.0,23.305966650999963,13.275283308000006,26.268450054000017,79.96051666299974,9.721933310999976,50.13103339199963,20.001950006000023,29.27271666999999,0.030716716000000394,128.84924997799965,20.07345006100005,641.3000833229996,0.0,641.3000833229996,32.08758335499994,39.30499996500019,83.89066665200008,0.982516676000009,18.344066627000032,19.47459999900008,0.1292834069999996
